{"cameraMode":{"drawMode":0,"name":"Shaded","section":"Shading Mode"},"sceneLighting":true,"audioPlay":false,"sceneViewState":{"showFog":true,"showMaterialUpdate":true,"showSkybox":true,"showFlares":true,"showImageEffects":true,"showParticleSystems":true},"in2DMode":false,"pivot":{"x":-0.539276123046875,"y":-1.8880205154418946,"z":5.496234893798828},"rotation":{"x":0.23208865523338319,"y":-0.7184320092201233,"z":0.2815498411655426,"w":0.5922209620475769},"size":11.705108642578125,"orthographic":false}